brand_high,brand_owner_high,four_week,twelve_week,category,department,emergence_score,period_group,projected_dollars,rank_index,super_category,total_brand_high_dollars,total_brand_owner_high_dollars,total_category_dollars,value,value_rank,variable,year_status,total_super_category_dollars
SUNRIDGE FARMS (SUNRIDGE FARMS),SUNRIDGE FARMS,Current,Current,NUTS,PRODUCE,-0.1083975138,4_WE_2022_04_23,41.19,1,NUTS AND SEEDS,41.19,41.19,2088580.46076295,FAILS TOTAL FAT DISCLOSURE QUALIFIED,12,PI FDA DISCLOSURE FILTER TOTAL FAT QUALIFIED,Current,2119670.53960335
"SUNKIST (SUNKIST GROWERS, INC)","SUNKIST GROWERS, INC",Current,Current,NUTS,PRODUCE,-0.1083975138,4_WE_2022_04_23,15.35,1,NUTS AND SEEDS,15.35,15.35,2088580.46076295,FAILS TOTAL FAT DISCLOSURE QUALIFIED,12,PI FDA DISCLOSURE FILTER TOTAL FAT QUALIFIED,Current,2119670.53960335
DEER BRAND (SHAH DISTRIBUTORS),SHAH DISTRIBUTORS,Current,Current,NUTS,PRODUCE,-0.1083975138,4_WE_2022_04_23,53.64,1,NUTS AND SEEDS,53.64,53.64,2088580.46076295,FAILS TOTAL FAT DISCLOSURE QUALIFIED,12,PI FDA DISCLOSURE FILTER TOTAL FAT QUALIFIED,Current,2119670.53960335
PRIVATE LABEL,PRIVATE LABEL,Current,Current,NUTS,PRODUCE,-0.1083975138,4_WE_2022_04_23,13037.5016781094,1,NUTS AND SEEDS,14845.6616781094,14845.6616781094,2088580.46076295,FAILS TOTAL FAT DISCLOSURE QUALIFIED,12,PI FDA DISCLOSURE FILTER TOTAL FAT QUALIFIED,Current,2119670.53960335
MURRAY'S (MURRAY'S CHEESE),MURRAY'S CHEESE,Current,Current,NUTS,PRODUCE,-0.1083975138,4_WE_2022_04_23,1090.89,1,NUTS AND SEEDS,1090.89,1090.89,2088580.46076295,FAILS TOTAL FAT DISCLOSURE QUALIFIED,12,PI FDA DISCLOSURE FILTER TOTAL FAT QUALIFIED,Current,2119670.53960335
MULTIPLE VALUE (MULTIPLE BRAND OWNERS),MULTIPLE BRANDS,Current,Current,NUTS,PRODUCE,-0.1083975138,4_WE_2022_04_23,814261.340714929,1,NUTS AND SEEDS,816300.226640162,816300.226640162,2088580.46076295,FAILS TOTAL FAT DISCLOSURE QUALIFIED,12,PI FDA DISCLOSURE FILTER TOTAL FAT QUALIFIED,Current,2119670.53960335
HAMPTON FARMS (NORTHAMPTON PEANUT CO),MEHERRIN COMPANY,Current,Current,NUTS,PRODUCE,-0.1083975138,4_WE_2022_04_23,1.25,1,NUTS AND SEEDS,1.25,1.25,2088580.46076295,FAILS TOTAL FAT DISCLOSURE QUALIFIED,12,PI FDA DISCLOSURE FILTER TOTAL FAT QUALIFIED,Current,2119670.53960335
GOLD COAST (GOLD COAST PISTACHIOS),GOLD COAST PISTACHIOS,Current,Current,NUTS,PRODUCE,-0.1083975138,4_WE_2022_04_23,4.2,1,NUTS AND SEEDS,4.2,4.2,2088580.46076295,FAILS TOTAL FAT DISCLOSURE QUALIFIED,12,PI FDA DISCLOSURE FILTER TOTAL FAT QUALIFIED,Current,2119670.53960335
MITICA (FOREVER CHEESE),FOREVER CHEESE,Current,Current,NUTS,PRODUCE,-0.1083975138,4_WE_2022_04_23,20047.75,1,NUTS AND SEEDS,20047.75,21125.1,2088580.46076295,FAILS TOTAL FAT DISCLOSURE QUALIFIED,12,PI FDA DISCLOSURE FILTER TOTAL FAT QUALIFIED,Current,2119670.53960335
FOREVER CHEESE (FOREVER CHEESE),FOREVER CHEESE,Current,Current,NUTS,PRODUCE,-0.1083975138,4_WE_2022_04_23,1077.35,1,NUTS AND SEEDS,1077.35,21125.1,2088580.46076295,FAILS TOTAL FAT DISCLOSURE QUALIFIED,12,PI FDA DISCLOSURE FILTER TOTAL FAT QUALIFIED,Current,2119670.53960335
MAYFAIR (HOLIDAY CANDY CORPORATION),FIRST SOURCE LLC,Current,Current,NUTS,PRODUCE,-0.1083975138,4_WE_2022_04_23,12.76,1,NUTS AND SEEDS,12.76,12.76,2088580.46076295,FAILS TOTAL FAT DISCLOSURE QUALIFIED,12,PI FDA DISCLOSURE FILTER TOTAL FAT QUALIFIED,Current,2119670.53960335
BERGIN FRUIT AND NUT COMPANY (BERGIN FRUIT & NUT COMPANY),BERGIN FRUIT & NUT COMPANY,Current,Current,NUTS,PRODUCE,-0.1083975138,4_WE_2022_04_23,6633.4176970309,1,NUTS AND SEEDS,6946.2968603628,6946.2968603628,2088580.46076295,FAILS TOTAL FAT DISCLOSURE QUALIFIED,12,PI FDA DISCLOSURE FILTER TOTAL FAT QUALIFIED,Current,2119670.53960335
NO BRAND LISTED (NO COMPANY LISTED),NO COMPANY LISTED,Current,Current,NUTS,PRODUCE,-0.1083975138,4_WE_2022_04_23,1177395.46615722,1,NUTS AND SEEDS,1206629.22935335,1259079.55442472,2088580.46076295,FAILS TOTAL FAT DISCLOSURE QUALIFIED,12,PI FDA DISCLOSURE FILTER TOTAL FAT QUALIFIED,Current,2119670.53960335
BADIA SPICES (NO COMPANY LISTED),NO COMPANY LISTED,Current,Current,NUTS,PRODUCE,-0.1083975138,4_WE_2022_04_23,52450.3250713623,1,NUTS AND SEEDS,52450.3250713623,1259079.55442472,2088580.46076295,FAILS TOTAL FAT DISCLOSURE QUALIFIED,12,PI FDA DISCLOSURE FILTER TOTAL FAT QUALIFIED,Current,2119670.53960335
NO BRAND LISTED (NO COMPANY LISTED),NO COMPANY LISTED,Current,Current,NUTS,PRODUCE,-0.1083975138,4_WE_2022_04_23,1177395.46615722,1,NUTS AND SEEDS,1206629.22935335,1259079.55442472,2088580.46076295,INGESTIBLE STATED,12,PI INGESTIBLE STATED,Current,2119670.53960335
BADIA SPICES (NO COMPANY LISTED),NO COMPANY LISTED,Current,Current,NUTS,PRODUCE,-0.1083975138,4_WE_2022_04_23,52450.3250713623,1,NUTS AND SEEDS,52450.3250713623,1259079.55442472,2088580.46076295,INGESTIBLE STATED,12,PI INGESTIBLE STATED,Current,2119670.53960335
SUNRIDGE FARMS (SUNRIDGE FARMS),SUNRIDGE FARMS,Current,Current,NUTS,PRODUCE,-0.1083975138,4_WE_2022_04_23,41.19,1,NUTS AND SEEDS,41.19,41.19,2088580.46076295,INGESTIBLE STATED,12,PI INGESTIBLE STATED,Current,2119670.53960335
"SUNKIST (SUNKIST GROWERS, INC)","SUNKIST GROWERS, INC",Current,Current,NUTS,PRODUCE,-0.1083975138,4_WE_2022_04_23,15.35,1,NUTS AND SEEDS,15.35,15.35,2088580.46076295,INGESTIBLE STATED,12,PI INGESTIBLE STATED,Current,2119670.53960335
DEER BRAND (SHAH DISTRIBUTORS),SHAH DISTRIBUTORS,Current,Current,NUTS,PRODUCE,-0.1083975138,4_WE_2022_04_23,53.64,1,NUTS AND SEEDS,53.64,53.64,2088580.46076295,INGESTIBLE STATED,12,PI INGESTIBLE STATED,Current,2119670.53960335
PRIVATE LABEL,PRIVATE LABEL,Current,Current,NUTS,PRODUCE,-0.1083975138,4_WE_2022_04_23,13037.5016781094,1,NUTS AND SEEDS,14845.6616781094,14845.6616781094,2088580.46076295,INGESTIBLE STATED,12,PI INGESTIBLE STATED,Current,2119670.53960335
MURRAY'S (MURRAY'S CHEESE),MURRAY'S CHEESE,Current,Current,NUTS,PRODUCE,-0.1083975138,4_WE_2022_04_23,1090.89,1,NUTS AND SEEDS,1090.89,1090.89,2088580.46076295,INGESTIBLE STATED,12,PI INGESTIBLE STATED,Current,2119670.53960335
MULTIPLE VALUE (MULTIPLE BRAND OWNERS),MULTIPLE BRANDS,Current,Current,NUTS,PRODUCE,-0.1083975138,4_WE_2022_04_23,814261.340714929,1,NUTS AND SEEDS,816300.226640162,816300.226640162,2088580.46076295,INGESTIBLE STATED,12,PI INGESTIBLE STATED,Current,2119670.53960335
HAMPTON FARMS (NORTHAMPTON PEANUT CO),MEHERRIN COMPANY,Current,Current,NUTS,PRODUCE,-0.1083975138,4_WE_2022_04_23,1.25,1,NUTS AND SEEDS,1.25,1.25,2088580.46076295,INGESTIBLE STATED,12,PI INGESTIBLE STATED,Current,2119670.53960335
GOLD COAST (GOLD COAST PISTACHIOS),GOLD COAST PISTACHIOS,Current,Current,NUTS,PRODUCE,-0.1083975138,4_WE_2022_04_23,4.2,1,NUTS AND SEEDS,4.2,4.2,2088580.46076295,INGESTIBLE STATED,12,PI INGESTIBLE STATED,Current,2119670.53960335
MITICA (FOREVER CHEESE),FOREVER CHEESE,Current,Current,NUTS,PRODUCE,-0.1083975138,4_WE_2022_04_23,20047.75,1,NUTS AND SEEDS,20047.75,21125.1,2088580.46076295,INGESTIBLE STATED,12,PI INGESTIBLE STATED,Current,2119670.53960335
FOREVER CHEESE (FOREVER CHEESE),FOREVER CHEESE,Current,Current,NUTS,PRODUCE,-0.1083975138,4_WE_2022_04_23,1077.35,1,NUTS AND SEEDS,1077.35,21125.1,2088580.46076295,INGESTIBLE STATED,12,PI INGESTIBLE STATED,Current,2119670.53960335
MAYFAIR (HOLIDAY CANDY CORPORATION),FIRST SOURCE LLC,Current,Current,NUTS,PRODUCE,-0.1083975138,4_WE_2022_04_23,12.76,1,NUTS AND SEEDS,12.76,12.76,2088580.46076295,INGESTIBLE STATED,12,PI INGESTIBLE STATED,Current,2119670.53960335
BERGIN FRUIT AND NUT COMPANY (BERGIN FRUIT & NUT COMPANY),BERGIN FRUIT & NUT COMPANY,Current,Current,NUTS,PRODUCE,-0.1083975138,4_WE_2022_04_23,6633.4176970309,1,NUTS AND SEEDS,6946.2968603628,6946.2968603628,2088580.46076295,INGESTIBLE STATED,12,PI INGESTIBLE STATED,Current,2119670.53960335
SUNRIDGE FARMS (SUNRIDGE FARMS),SUNRIDGE FARMS,Current,Current,NUTS,PRODUCE,-0.0851671925,4_WE_2022_04_23,41.19,1,NUTS AND SEEDS,41.19,41.19,2088580.46076295,CONTAINS COMMON ALLERGENS QUALIFIED,7,PI FALCPA COMMON ALLERGENS QUALIFIED,Current,2119670.53960335
PRIVATE LABEL,PRIVATE LABEL,Current,Current,NUTS,PRODUCE,-0.0851671925,4_WE_2022_04_23,13037.5016781094,1,NUTS AND SEEDS,14845.6616781094,14845.6616781094,2088580.46076295,CONTAINS COMMON ALLERGENS QUALIFIED,7,PI FALCPA COMMON ALLERGENS QUALIFIED,Current,2119670.53960335
MURRAY'S (MURRAY'S CHEESE),MURRAY'S CHEESE,Current,Current,NUTS,PRODUCE,-0.0851671925,4_WE_2022_04_23,1090.89,1,NUTS AND SEEDS,1090.89,1090.89,2088580.46076295,CONTAINS COMMON ALLERGENS QUALIFIED,7,PI FALCPA COMMON ALLERGENS QUALIFIED,Current,2119670.53960335
MULTIPLE VALUE (MULTIPLE BRAND OWNERS),MULTIPLE BRANDS,Current,Current,NUTS,PRODUCE,-0.0851671925,4_WE_2022_04_23,730943.07369883,1,NUTS AND SEEDS,816300.226640162,816300.226640162,2088580.46076295,CONTAINS COMMON ALLERGENS QUALIFIED,7,PI FALCPA COMMON ALLERGENS QUALIFIED,Current,2119670.53960335
HAMPTON FARMS (NORTHAMPTON PEANUT CO),MEHERRIN COMPANY,Current,Current,NUTS,PRODUCE,-0.0851671925,4_WE_2022_04_23,1.25,1,NUTS AND SEEDS,1.25,1.25,2088580.46076295,CONTAINS COMMON ALLERGENS QUALIFIED,7,PI FALCPA COMMON ALLERGENS QUALIFIED,Current,2119670.53960335
MITICA (FOREVER CHEESE),FOREVER CHEESE,Current,Current,NUTS,PRODUCE,-0.0851671925,4_WE_2022_04_23,20027.99,1,NUTS AND SEEDS,20047.75,21125.1,2088580.46076295,CONTAINS COMMON ALLERGENS QUALIFIED,7,PI FALCPA COMMON ALLERGENS QUALIFIED,Current,2119670.53960335
FOREVER CHEESE (FOREVER CHEESE),FOREVER CHEESE,Current,Current,NUTS,PRODUCE,-0.0851671925,4_WE_2022_04_23,1058.34,1,NUTS AND SEEDS,1077.35,21125.1,2088580.46076295,CONTAINS COMMON ALLERGENS QUALIFIED,7,PI FALCPA COMMON ALLERGENS QUALIFIED,Current,2119670.53960335
MAYFAIR (HOLIDAY CANDY CORPORATION),FIRST SOURCE LLC,Current,Current,NUTS,PRODUCE,-0.0851671925,4_WE_2022_04_23,12.76,1,NUTS AND SEEDS,12.76,12.76,2088580.46076295,CONTAINS COMMON ALLERGENS QUALIFIED,7,PI FALCPA COMMON ALLERGENS QUALIFIED,Current,2119670.53960335
BERGIN FRUIT AND NUT COMPANY (BERGIN FRUIT & NUT COMPANY),BERGIN FRUIT & NUT COMPANY,Current,Current,NUTS,PRODUCE,-0.0851671925,4_WE_2022_04_23,5641.2341208032,1,NUTS AND SEEDS,6946.2968603628,6946.2968603628,2088580.46076295,CONTAINS COMMON ALLERGENS QUALIFIED,7,PI FALCPA COMMON ALLERGENS QUALIFIED,Current,2119670.53960335
NO BRAND LISTED (NO COMPANY LISTED),NO COMPANY LISTED,Current,Current,NUTS,PRODUCE,-0.0851671925,4_WE_2022_04_23,1053585.81867473,1,NUTS AND SEEDS,1206629.22935335,1259079.55442472,2088580.46076295,CONTAINS COMMON ALLERGENS QUALIFIED,7,PI FALCPA COMMON ALLERGENS QUALIFIED,Current,2119670.53960335
BADIA SPICES (NO COMPANY LISTED),NO COMPANY LISTED,Current,Current,NUTS,PRODUCE,-0.0851671925,4_WE_2022_04_23,52450.3250713623,1,NUTS AND SEEDS,52450.3250713623,1259079.55442472,2088580.46076295,CONTAINS COMMON ALLERGENS QUALIFIED,7,PI FALCPA COMMON ALLERGENS QUALIFIED,Current,2119670.53960335
NO BRAND LISTED (NO COMPANY LISTED),NO COMPANY LISTED,Current,Current,NUTS,PRODUCE,-0.0851671925,4_WE_2022_04_23,1053585.81867473,1,NUTS AND SEEDS,1206629.22935335,1259079.55442472,2088580.46076295,CONTAINS NUT QUALIFIED,7,PI NUT QUALIFIED,Current,2119670.53960335
BADIA SPICES (NO COMPANY LISTED),NO COMPANY LISTED,Current,Current,NUTS,PRODUCE,-0.0851671925,4_WE_2022_04_23,52450.3250713623,1,NUTS AND SEEDS,52450.3250713623,1259079.55442472,2088580.46076295,CONTAINS NUT QUALIFIED,7,PI NUT QUALIFIED,Current,2119670.53960335
SUNRIDGE FARMS (SUNRIDGE FARMS),SUNRIDGE FARMS,Current,Current,NUTS,PRODUCE,-0.0851671925,4_WE_2022_04_23,41.19,1,NUTS AND SEEDS,41.19,41.19,2088580.46076295,CONTAINS NUT QUALIFIED,7,PI NUT QUALIFIED,Current,2119670.53960335
PRIVATE LABEL,PRIVATE LABEL,Current,Current,NUTS,PRODUCE,-0.0851671925,4_WE_2022_04_23,13037.5016781094,1,NUTS AND SEEDS,14845.6616781094,14845.6616781094,2088580.46076295,CONTAINS NUT QUALIFIED,7,PI NUT QUALIFIED,Current,2119670.53960335
MURRAY'S (MURRAY'S CHEESE),MURRAY'S CHEESE,Current,Current,NUTS,PRODUCE,-0.0851671925,4_WE_2022_04_23,1090.89,1,NUTS AND SEEDS,1090.89,1090.89,2088580.46076295,CONTAINS NUT QUALIFIED,7,PI NUT QUALIFIED,Current,2119670.53960335
MULTIPLE VALUE (MULTIPLE BRAND OWNERS),MULTIPLE BRANDS,Current,Current,NUTS,PRODUCE,-0.0851671925,4_WE_2022_04_23,730943.07369883,1,NUTS AND SEEDS,816300.226640162,816300.226640162,2088580.46076295,CONTAINS NUT QUALIFIED,7,PI NUT QUALIFIED,Current,2119670.53960335
HAMPTON FARMS (NORTHAMPTON PEANUT CO),MEHERRIN COMPANY,Current,Current,NUTS,PRODUCE,-0.0851671925,4_WE_2022_04_23,1.25,1,NUTS AND SEEDS,1.25,1.25,2088580.46076295,CONTAINS NUT QUALIFIED,7,PI NUT QUALIFIED,Current,2119670.53960335
MITICA (FOREVER CHEESE),FOREVER CHEESE,Current,Current,NUTS,PRODUCE,-0.0851671925,4_WE_2022_04_23,20027.99,1,NUTS AND SEEDS,20047.75,21125.1,2088580.46076295,CONTAINS NUT QUALIFIED,7,PI NUT QUALIFIED,Current,2119670.53960335
FOREVER CHEESE (FOREVER CHEESE),FOREVER CHEESE,Current,Current,NUTS,PRODUCE,-0.0851671925,4_WE_2022_04_23,1058.34,1,NUTS AND SEEDS,1077.35,21125.1,2088580.46076295,CONTAINS NUT QUALIFIED,7,PI NUT QUALIFIED,Current,2119670.53960335
MAYFAIR (HOLIDAY CANDY CORPORATION),FIRST SOURCE LLC,Current,Current,NUTS,PRODUCE,-0.0851671925,4_WE_2022_04_23,12.76,1,NUTS AND SEEDS,12.76,12.76,2088580.46076295,CONTAINS NUT QUALIFIED,7,PI NUT QUALIFIED,Current,2119670.53960335
BERGIN FRUIT AND NUT COMPANY (BERGIN FRUIT & NUT COMPANY),BERGIN FRUIT & NUT COMPANY,Current,Current,NUTS,PRODUCE,-0.0851671925,4_WE_2022_04_23,5641.2341208032,1,NUTS AND SEEDS,6946.2968603628,6946.2968603628,2088580.46076295,CONTAINS NUT QUALIFIED,7,PI NUT QUALIFIED,Current,2119670.53960335
SUNRIDGE FARMS (SUNRIDGE FARMS),SUNRIDGE FARMS,Current,Current,NUTS,PRODUCE,-0.062572394,4_WE_2022_04_23,41.19,1,NUTS AND SEEDS,41.19,41.19,2088580.46076295,CONTAINS TREE NUT STATED,4,PI TREE NUT STATED,Current,2119670.53960335
PRIVATE LABEL,PRIVATE LABEL,Current,Current,NUTS,PRODUCE,-0.062572394,4_WE_2022_04_23,11448.9,1,NUTS AND SEEDS,14845.6616781094,14845.6616781094,2088580.46076295,CONTAINS TREE NUT STATED,4,PI TREE NUT STATED,Current,2119670.53960335
NO BRAND LISTED (NO COMPANY LISTED),NO COMPANY LISTED,Current,Current,NUTS,PRODUCE,-0.062572394,4_WE_2022_04_23,826684.402039434,1,NUTS AND SEEDS,1206629.22935335,1259079.55442472,2088580.46076295,CONTAINS TREE NUT STATED,4,PI TREE NUT STATED,Current,2119670.53960335
BADIA SPICES (NO COMPANY LISTED),NO COMPANY LISTED,Current,Current,NUTS,PRODUCE,-0.062572394,4_WE_2022_04_23,52450.3250713623,1,NUTS AND SEEDS,52450.3250713623,1259079.55442472,2088580.46076295,CONTAINS TREE NUT STATED,4,PI TREE NUT STATED,Current,2119670.53960335
MURRAY'S (MURRAY'S CHEESE),MURRAY'S CHEESE,Current,Current,NUTS,PRODUCE,-0.062572394,4_WE_2022_04_23,1090.89,1,NUTS AND SEEDS,1090.89,1090.89,2088580.46076295,CONTAINS TREE NUT STATED,4,PI TREE NUT STATED,Current,2119670.53960335
MULTIPLE VALUE (MULTIPLE BRAND OWNERS),MULTIPLE BRANDS,Current,Current,NUTS,PRODUCE,-0.062572394,4_WE_2022_04_23,213064.250424354,1,NUTS AND SEEDS,816300.226640162,816300.226640162,2088580.46076295,CONTAINS TREE NUT STATED,4,PI TREE NUT STATED,Current,2119670.53960335
MITICA (FOREVER CHEESE),FOREVER CHEESE,Current,Current,NUTS,PRODUCE,-0.062572394,4_WE_2022_04_23,20027.99,1,NUTS AND SEEDS,20047.75,21125.1,2088580.46076295,CONTAINS TREE NUT STATED,4,PI TREE NUT STATED,Current,2119670.53960335
FOREVER CHEESE (FOREVER CHEESE),FOREVER CHEESE,Current,Current,NUTS,PRODUCE,-0.062572394,4_WE_2022_04_23,1058.34,1,NUTS AND SEEDS,1077.35,21125.1,2088580.46076295,CONTAINS TREE NUT STATED,4,PI TREE NUT STATED,Current,2119670.53960335
MAYFAIR (HOLIDAY CANDY CORPORATION),FIRST SOURCE LLC,Current,Current,NUTS,PRODUCE,-0.062572394,4_WE_2022_04_23,12.76,1,NUTS AND SEEDS,12.76,12.76,2088580.46076295,CONTAINS TREE NUT STATED,4,PI TREE NUT STATED,Current,2119670.53960335
BERGIN FRUIT AND NUT COMPANY (BERGIN FRUIT & NUT COMPANY),BERGIN FRUIT & NUT COMPANY,Current,Current,NUTS,PRODUCE,-0.062572394,4_WE_2022_04_23,5614.0726857226,1,NUTS AND SEEDS,6946.2968603628,6946.2968603628,2088580.46076295,CONTAINS TREE NUT STATED,4,PI TREE NUT STATED,Current,2119670.53960335
MULTIPLE VALUE (MULTIPLE BRAND OWNERS),MULTIPLE BRANDS,Current,Current,NUTS,PRODUCE,-0.1218958236,4_WE_2022_04_23,517878.823274476,1,NUTS AND SEEDS,816300.226640162,816300.226640162,2088580.46076295,CONTAINS PEANUT QUALIFIED,18,PI PEANUT QUALIFIED,Current,2119670.53960335
MULTIPLE VALUE (MULTIPLE BRAND OWNERS),MULTIPLE BRANDS,Current,Current,NUTS,PRODUCE,-0.1184850934,4_WE_2022_04_23,4036.3380411118,1,NUTS AND SEEDS,816300.226640162,816300.226640162,2088580.46076295,ORGANIC MARKETING CLAIM STATED,15,PI ORGANIC MARKETING CLAIM TYPE STATED,Current,2119670.53960335
MULTIPLE VALUE (MULTIPLE BRAND OWNERS),MULTIPLE BRANDS,Current,Current,NUTS,PRODUCE,-0.1184850934,4_WE_2022_04_23,4036.3380411118,1,NUTS AND SEEDS,816300.226640162,816300.226640162,2088580.46076295,ORGANIC MARKETING CLAIM STATED,15,PI ORGANIC MARKETING CLAIM STATED,Current,2119670.53960335
PRIVATE LABEL,PRIVATE LABEL,Current,Current,NUTS,PRODUCE,-0.1218958236,4_WE_2022_04_23,1588.6016781094,1,NUTS AND SEEDS,14845.6616781094,14845.6616781094,2088580.46076295,CONTAINS PEANUT QUALIFIED,18,PI PEANUT QUALIFIED,Current,2119670.53960335
HAMPTON FARMS (NORTHAMPTON PEANUT CO),MEHERRIN COMPANY,Current,Current,NUTS,PRODUCE,-0.1218958236,4_WE_2022_04_23,1.25,1,NUTS AND SEEDS,1.25,1.25,2088580.46076295,CONTAINS PEANUT QUALIFIED,18,PI PEANUT QUALIFIED,Current,2119670.53960335
BERGIN FRUIT AND NUT COMPANY (BERGIN FRUIT & NUT COMPANY),BERGIN FRUIT & NUT COMPANY,Current,Current,NUTS,PRODUCE,-0.1218958236,4_WE_2022_04_23,27.1614350806,1,NUTS AND SEEDS,6946.2968603628,6946.2968603628,2088580.46076295,CONTAINS PEANUT QUALIFIED,18,PI PEANUT QUALIFIED,Current,2119670.53960335
BERGIN FRUIT AND NUT COMPANY (BERGIN FRUIT & NUT COMPANY),BERGIN FRUIT & NUT COMPANY,Current,Current,NUTS,PRODUCE,-1.7812003066,4_WE_2022_04_23,2583.74693612,1,NUTS AND SEEDS,6946.2968603628,6946.2968603628,2088580.46076295,SODIUM FREE STATED,20,PI FDA SODIUM PRESENCE STATED,Current,2119670.53960335
NO BRAND LISTED (NO COMPANY LISTED),NO COMPANY LISTED,Current,Current,NUTS,PRODUCE,-0.1218958236,4_WE_2022_04_23,226901.416635295,1,NUTS AND SEEDS,1206629.22935335,1259079.55442472,2088580.46076295,CONTAINS PEANUT QUALIFIED,18,PI PEANUT QUALIFIED,Current,2119670.53960335
NO BRAND LISTED (NO COMPANY LISTED),NO COMPANY LISTED,Current,Current,NUTS,PRODUCE,-0.1184850934,4_WE_2022_04_23,32827.9753736214,1,NUTS AND SEEDS,1206629.22935335,1259079.55442472,2088580.46076295,ORGANIC MARKETING CLAIM STATED,15,PI ORGANIC MARKETING CLAIM TYPE STATED,Current,2119670.53960335
NO BRAND LISTED (NO COMPANY LISTED),NO COMPANY LISTED,Current,Current,NUTS,PRODUCE,-0.1184850934,4_WE_2022_04_23,32827.9753736214,1,NUTS AND SEEDS,1206629.22935335,1259079.55442472,2088580.46076295,ORGANIC MARKETING CLAIM STATED,15,PI ORGANIC MARKETING CLAIM STATED,Current,2119670.53960335
NO BRAND LISTED (NO COMPANY LISTED),NO COMPANY LISTED,Current,Current,NUTS,PRODUCE,-1.8953113311,4_WE_2022_04_23,3744.0881134791,1,NUTS AND SEEDS,1206629.22935335,1259079.55442472,2088580.46076295,CONTAINS HONEY STATED,24,PI HONEY STATED,Current,2119670.53960335
NO BRAND LISTED (NO COMPANY LISTED),NO COMPANY LISTED,Current,Current,NUTS,PRODUCE,-1.7812003066,4_WE_2022_04_23,16219.5825841158,1,NUTS AND SEEDS,1206629.22935335,1259079.55442472,2088580.46076295,SODIUM FREE STATED,20,PI FDA SODIUM PRESENCE STATED,Current,2119670.53960335
NO BRAND LISTED (NO COMPANY LISTED),NO COMPANY LISTED,Current,Current,NUTS,PRODUCE,0.2718730893,4_WE_2022_04_23,211893.518614322,-4.3449366687,NUTS AND SEEDS,1206629.22935335,1259079.55442472,2088580.46076295,CONTAINS SALT AND SODIUM CHLORIDE QUALIFIED,3,PI SALT AND SODIUM CHLORIDE QUALIFIED,Current,2119670.53960335
NO BRAND LISTED (NO COMPANY LISTED),NO COMPANY LISTED,Current,Current,NUTS,PRODUCE,-2.6616088041,4_WE_2022_04_23,142.5589199675,0.9842708848,NUTS AND SEEDS,1206629.22935335,1259079.55442472,2088580.46076295,RECOGNIZABLE INGREDIENTS QUALIFIED,27,PI RECOGNIZABLE INGREDIENTS QUALIFIED,Current,2119670.53960335
NO BRAND LISTED (NO COMPANY LISTED),NO COMPANY LISTED,Current,Current,NUTS,PRODUCE,-0.1218958236,4_WE_2022_04_23,226901.416635295,0.0684346523,NUTS AND SEEDS,1206629.22935335,1259079.55442472,2088580.46076295,CONTAINS PEANUT STATED,18,PI PEANUT STATED,Current,2119670.53960335
NO BRAND LISTED (NO COMPANY LISTED),NO COMPANY LISTED,Current,Current,NUTS,PRODUCE,-0.1184850934,4_WE_2022_04_23,32827.9753736214,0.9720193027,NUTS AND SEEDS,1206629.22935335,1259079.55442472,2088580.46076295,ORGANIC STATED,15,PI ORGANIC POSITIONING STATED,Current,2119670.53960335
NO BRAND LISTED (NO COMPANY LISTED),NO COMPANY LISTED,Current,Current,NUTS,PRODUCE,-0.0849555143,4_WE_2022_04_23,1053358.27538759,0.9975145565,NUTS AND SEEDS,1206629.22935335,1259079.55442472,2088580.46076295,CONTAINS NUT STATED,6,PI NUT STATED,Current,2119670.53960335
NO BRAND LISTED (NO COMPANY LISTED),NO COMPANY LISTED,Current,Current,NUTS,PRODUCE,-0.062572394,4_WE_2022_04_23,826684.402039434,0.7365312844,NUTS AND SEEDS,1206629.22935335,1259079.55442472,2088580.46076295,CONTAINS TREE NUT QUALIFIED,4,PI TREE NUT QUALIFIED,Current,2119670.53960335
NO BRAND LISTED (NO COMPANY LISTED),NO COMPANY LISTED,Current,Current,NUTS,PRODUCE,-1.7812003066,4_WE_2022_04_23,16219.5825841158,0.9999911988,NUTS AND SEEDS,1206629.22935335,1259079.55442472,2088580.46076295,FREE FROM SALT AND SODIUM CHLORIDE STATED,20,PI SALT AND SODIUM CHLORIDE STATED,Current,2119670.53960335
NO BRAND LISTED (NO COMPANY LISTED),NO COMPANY LISTED,Current,Current,NUTS,PRODUCE,-1.7812159834,4_WE_2022_04_23,16219.5825841158,0.9697368691,NUTS AND SEEDS,1206629.22935335,1259079.55442472,2088580.46076295,FREE FROM SALT AND SODIUM CHLORIDE QUALIFIED,22,PI SALT AND SODIUM CHLORIDE QUALIFIED,Current,2119670.53960335
NO BRAND LISTED (NO COMPANY LISTED),NO COMPANY LISTED,Current,Current,NUTS,PRODUCE,-1.8953113311,4_WE_2022_04_23,3744.0881134791,0.8606127698,NUTS AND SEEDS,1206629.22935335,1259079.55442472,2088580.46076295,CONTAINS HONEY QUALIFIED,24,PI HONEY QUALIFIED,Current,2119670.53960335
NO BRAND LISTED (NO COMPANY LISTED),NO COMPANY LISTED,Current,Current,NUTS,PRODUCE,-2.202281209,4_WE_2022_04_23,7197.2989552818,0.8274248288,NUTS AND SEEDS,1206629.22935335,1259079.55442472,2088580.46076295,UNSALTED STATED,26,PI FDA UNSALTED STATED,Current,2119670.53960335
NO BRAND LISTED (NO COMPANY LISTED),NO COMPANY LISTED,Current,Current,NUTS,PRODUCE,-0.1059428472,4_WE_2022_04_23,1177395.46615722,0.9971285964,NUTS AND SEEDS,1206629.22935335,1259079.55442472,2088580.46076295,FAILS SODIUM DISCLOSURE QUALIFIED,10,PI FDA DISCLOSURE FILTER SODIUM QUALIFIED,Current,2119670.53960335
NO BRAND LISTED (NO COMPANY LISTED),NO COMPANY LISTED,Current,Current,NUTS,PRODUCE,-0.1062479279,4_WE_2022_04_23,1177395.46615722,0.9801694166,NUTS AND SEEDS,1206629.22935335,1259079.55442472,2088580.46076295,PASSES SATURATED FAT DISCLOSURE QUALIFIED,11,PI FDA DISCLOSURE FILTER SATURATED FAT QUALIFIED,Current,2119670.53960335
NO BRAND LISTED (NO COMPANY LISTED),NO COMPANY LISTED,Current,Current,NUTS,PRODUCE,-2.7041425741,4_WE_2022_04_23,142.5589199675,0.8820979116,NUTS AND SEEDS,1206629.22935335,1259079.55442472,2088580.46076295,ALL NATURAL INGREDIENTS STATED,28,PI ALL NATURAL INGREDIENTS STATED,Current,2119670.53960335
NO BRAND LISTED (NO COMPANY LISTED),NO COMPANY LISTED,Current,Current,NUTS,PRODUCE,-3.0655809729,4_WE_2022_04_23,23416.8815393975,0,NUTS AND SEEDS,1206629.22935335,1259079.55442472,2088580.46076295,ALL FDA DETRIMENTAL NUTRIENT CLAIM QUALIFIED,29,PI ALL FDA DETRIMENTAL NUTRIENT CLAIM,Current,2119670.53960335
NO BRAND LISTED (NO COMPANY LISTED),NO COMPANY LISTED,Current,Current,NUTS,PRODUCE,-0.1083975138,4_WE_2022_04_23,1177395.46615722,0.9148620359,NUTS AND SEEDS,1206629.22935335,1259079.55442472,2088580.46076295,PASSES CHOLESTEROL DISCLOSURE QUALIFIED,12,PI FDA DISCLOSURE FILTER CHOLESTEROL QUALIFIED,Current,2119670.53960335
NO BRAND LISTED (NO COMPANY LISTED),NO COMPANY LISTED,Current,Current,NUTS,PRODUCE,-0.0851671925,4_WE_2022_04_23,1053585.81867473,0.8038975239,NUTS AND SEEDS,1206629.22935335,1259079.55442472,2088580.46076295,CONTAINS COMMON ALLERGENS STATED,7,PI FALCPA COMMON ALLERGENS STATED,Current,2119670.53960335
BADIA SPICES (NO COMPANY LISTED),NO COMPANY LISTED,Current,Current,NUTS,PRODUCE,-0.0849555143,4_WE_2022_04_23,52450.3250713623,0.9975145565,NUTS AND SEEDS,52450.3250713623,1259079.55442472,2088580.46076295,CONTAINS NUT STATED,6,PI NUT STATED,Current,2119670.53960335
BADIA SPICES (NO COMPANY LISTED),NO COMPANY LISTED,Current,Current,NUTS,PRODUCE,-0.062572394,4_WE_2022_04_23,52450.3250713623,0.7365312844,NUTS AND SEEDS,52450.3250713623,1259079.55442472,2088580.46076295,CONTAINS TREE NUT QUALIFIED,4,PI TREE NUT QUALIFIED,Current,2119670.53960335
BADIA SPICES (NO COMPANY LISTED),NO COMPANY LISTED,Current,Current,NUTS,PRODUCE,-0.1059428472,4_WE_2022_04_23,52450.3250713623,0.9971285964,NUTS AND SEEDS,52450.3250713623,1259079.55442472,2088580.46076295,FAILS SODIUM DISCLOSURE QUALIFIED,10,PI FDA DISCLOSURE FILTER SODIUM QUALIFIED,Current,2119670.53960335
BADIA SPICES (NO COMPANY LISTED),NO COMPANY LISTED,Current,Current,NUTS,PRODUCE,-0.1062479279,4_WE_2022_04_23,52450.3250713623,0.9801694166,NUTS AND SEEDS,52450.3250713623,1259079.55442472,2088580.46076295,PASSES SATURATED FAT DISCLOSURE QUALIFIED,11,PI FDA DISCLOSURE FILTER SATURATED FAT QUALIFIED,Current,2119670.53960335
BADIA SPICES (NO COMPANY LISTED),NO COMPANY LISTED,Current,Current,NUTS,PRODUCE,-0.1083975138,4_WE_2022_04_23,52450.3250713623,0.9148620359,NUTS AND SEEDS,52450.3250713623,1259079.55442472,2088580.46076295,PASSES CHOLESTEROL DISCLOSURE QUALIFIED,12,PI FDA DISCLOSURE FILTER CHOLESTEROL QUALIFIED,Current,2119670.53960335
BADIA SPICES (NO COMPANY LISTED),NO COMPANY LISTED,Current,Current,NUTS,PRODUCE,-0.0851671925,4_WE_2022_04_23,52450.3250713623,0.8038975239,NUTS AND SEEDS,52450.3250713623,1259079.55442472,2088580.46076295,CONTAINS COMMON ALLERGENS STATED,7,PI FALCPA COMMON ALLERGENS STATED,Current,2119670.53960335
MITICA (FOREVER CHEESE),FOREVER CHEESE,Current,Current,NUTS,PRODUCE,0.2718730893,4_WE_2022_04_23,11715.09,-4.3449366687,NUTS AND SEEDS,20047.75,21125.1,2088580.46076295,CONTAINS SALT AND SODIUM CHLORIDE QUALIFIED,3,PI SALT AND SODIUM CHLORIDE QUALIFIED,Current,2119670.53960335
MITICA (FOREVER CHEESE),FOREVER CHEESE,Current,Current,NUTS,PRODUCE,-0.0849555143,4_WE_2022_04_23,20027.99,0.9975145565,NUTS AND SEEDS,20047.75,21125.1,2088580.46076295,CONTAINS NUT STATED,6,PI NUT STATED,Current,2119670.53960335
MITICA (FOREVER CHEESE),FOREVER CHEESE,Current,Current,NUTS,PRODUCE,-0.062572394,4_WE_2022_04_23,20027.99,0.7365312844,NUTS AND SEEDS,20047.75,21125.1,2088580.46076295,CONTAINS TREE NUT QUALIFIED,4,PI TREE NUT QUALIFIED,Current,2119670.53960335
MITICA (FOREVER CHEESE),FOREVER CHEESE,Current,Current,NUTS,PRODUCE,-0.1059428472,4_WE_2022_04_23,20047.75,0.9971285964,NUTS AND SEEDS,20047.75,21125.1,2088580.46076295,FAILS SODIUM DISCLOSURE QUALIFIED,10,PI FDA DISCLOSURE FILTER SODIUM QUALIFIED,Current,2119670.53960335
MITICA (FOREVER CHEESE),FOREVER CHEESE,Current,Current,NUTS,PRODUCE,-0.1062479279,4_WE_2022_04_23,20047.75,0.9801694166,NUTS AND SEEDS,20047.75,21125.1,2088580.46076295,PASSES SATURATED FAT DISCLOSURE QUALIFIED,11,PI FDA DISCLOSURE FILTER SATURATED FAT QUALIFIED,Current,2119670.53960335
